TrialNumber,Trial_num,risky_gain,risky_loss,alt_certain,task_gamble_outcome,task_gamble_amount,ISI_s,ITI_s,block,Partner,ran,order,onset,bpress,resp,resp_onset,rt,ISIpad,ISI_onset,ISI_offset,expected_ISI,actual_ISI,ISI_drift,outcome_onset,outcome_offset,duration,ITI_onset,ITI_offset
1,1,$4.00 ,-$7.00,$0.00 ,won,$4.00,1.5,1.5,1,0,1.0,0.0,6.678931,1.0,won,8.685972,2.0070412,-0.007041114,9.226327,10.730008,1.4929589,1.5036808,0.010721966,10.740083,12.75261,6.073679,12.762943,14.269053
2,2,$2.00 ,-$3.75,$0.00 ,lost,-$3.75,1.5,1.5,1,0,1.0,1.0,14.274392,2.0,$0.00 ,16.286001,2.0116084,-0.011608457,16.823645,18.323887,1.4883915,1.5002407,0.01184909,18.325062,20.336065,6.061674,20.346294,21.853622
3,3,$8.00 ,-$1.33,$0.00 ,lost,-$1.33,5,1.5,1,0,1.0,2.0,21.858347,999.0,999,23.87429,0.0,0.0,23.881033,30.90397,7.0,7.022938,0.02293763,30.905134,32.920128,11.06178,33.650566,35.169807
4,4,$5.00 ,-$3.13,$0.00 ,lost,-$3.13,5,3,1,0,1.0,3.0,35.172913,999.0,999,37.18522,0.0,0.0,37.19128,44.20322,7.0,7.0119367,0.011936763,44.20438,46.21912,11.046208,46.22942,49.236137
5,5,$8.00 ,-$11.00,$0.00 ,won,$8.00,1.5,1.5,1,0,1.0,4.0,--,--,--,--,--,--,--,--,--,--,--,--,--,--,--,--
6,6,$4.00 ,-$0.67,$0.00 ,lost,-$0.67,5,3,1,0,0.0,--,--,--,--,--,--,--,--,--,--,--,--,--,--,--,--,--
7,7,$2.00 ,-$0.75,$0.00 ,lost,-$0.75,3,1.5,1,0,0.0,--,--,--,--,--,--,--,--,--,--,--,--,--,--,--,--,--
